id,id_label,sector_52,emp
1100,ACEH,1,385372
1100,ACEH,2,116948
1100,ACEH,3,315856
1100,ACEH,4,25115
1100,ACEH,5,74074
1100,ACEH,6,9929
1100,ACEH,7,66429
1100,ACEH,8,1860
1100,ACEH,9,4640
1100,ACEH,10,29847
1100,ACEH,11,384
1100,ACEH,12,76692
1100,ACEH,13,1139
1100,ACEH,14,30653
1100,ACEH,15,475
1100,ACEH,16,10933
1100,ACEH,17,2663
1100,ACEH,18,3704
1100,ACEH,19,351
1100,ACEH,20,7100
1100,ACEH,21,1440
1100,ACEH,22,1090
1100,ACEH,23,10268
1100,ACEH,24,5603
1100,ACEH,25,598
1100,ACEH,26,15441
1100,ACEH,27,13818
1100,ACEH,28,4323
1100,ACEH,29,1304
1100,ACEH,30,6323
1100,ACEH,31,170103
1100,ACEH,32,1479
1100,ACEH,33,386790
1100,ACEH,34,521
1100,ACEH,35,55412
1100,ACEH,36,346
1100,ACEH,37,339
1100,ACEH,39,23671
1100,ACEH,40,5320
1100,ACEH,41,136325
1100,ACEH,42,6007
1100,ACEH,43,6630
1100,ACEH,44,239
1100,ACEH,46,5060
1100,ACEH,47,2116
1100,ACEH,48,46136
1100,ACEH,49,144302
1100,ACEH,50,178845
1100,ACEH,51,63526
1100,ACEH,52,219
1200,SUMATERA UTARA,1,947858
1200,SUMATERA UTARA,2,567920
1200,SUMATERA UTARA,3,733236
1200,SUMATERA UTARA,4,131976
1200,SUMATERA UTARA,5,153141
1200,SUMATERA UTARA,6,26247
1200,SUMATERA UTARA,7,129511
1200,SUMATERA UTARA,8,148
1200,SUMATERA UTARA,9,5175
1200,SUMATERA UTARA,10,70154
1200,SUMATERA UTARA,11,824
1200,SUMATERA UTARA,12,301778
1200,SUMATERA UTARA,13,7736
1200,SUMATERA UTARA,14,122759
1200,SUMATERA UTARA,15,3908
1200,SUMATERA UTARA,16,21790
1200,SUMATERA UTARA,17,10758
1200,SUMATERA UTARA,18,16616
1200,SUMATERA UTARA,19,2370
1200,SUMATERA UTARA,20,26077
1200,SUMATERA UTARA,21,36611
1200,SUMATERA UTARA,22,13785
1200,SUMATERA UTARA,23,44634
1200,SUMATERA UTARA,24,23188
1200,SUMATERA UTARA,25,5162
1200,SUMATERA UTARA,26,36120
1200,SUMATERA UTARA,27,50041
1200,SUMATERA UTARA,28,19265
1200,SUMATERA UTARA,29,1080
1200,SUMATERA UTARA,30,33314
1200,SUMATERA UTARA,31,437021
1200,SUMATERA UTARA,32,5900
1200,SUMATERA UTARA,33,1523316
1200,SUMATERA UTARA,34,759
1200,SUMATERA UTARA,35,219147
1200,SUMATERA UTARA,36,2994
1200,SUMATERA UTARA,37,3783
1200,SUMATERA UTARA,39,108845
1200,SUMATERA UTARA,40,20940
1200,SUMATERA UTARA,41,623857
1200,SUMATERA UTARA,42,24921
1200,SUMATERA UTARA,43,38680
1200,SUMATERA UTARA,44,8313
1200,SUMATERA UTARA,46,18827
1200,SUMATERA UTARA,47,9637
1200,SUMATERA UTARA,48,142656
1200,SUMATERA UTARA,49,235491
1200,SUMATERA UTARA,50,385549
1200,SUMATERA UTARA,51,131491
1200,SUMATERA UTARA,52,93
1300,SUMATERA BARAT,1,464112
1300,SUMATERA BARAT,2,231201
1300,SUMATERA BARAT,3,170720
1300,SUMATERA BARAT,4,48000
1300,SUMATERA BARAT,5,52464
1300,SUMATERA BARAT,6,13602
1300,SUMATERA BARAT,7,32716
1300,SUMATERA BARAT,8,4210
1300,SUMATERA BARAT,9,1221
1300,SUMATERA BARAT,10,56336
1300,SUMATERA BARAT,12,126078
1300,SUMATERA BARAT,13,139
1300,SUMATERA BARAT,14,51374
1300,SUMATERA BARAT,15,251
1300,SUMATERA BARAT,16,9746
1300,SUMATERA BARAT,17,8164
1300,SUMATERA BARAT,18,7656
1300,SUMATERA BARAT,19,781
1300,SUMATERA BARAT,20,9295
1300,SUMATERA BARAT,21,1113
1300,SUMATERA BARAT,22,2777
1300,SUMATERA BARAT,23,12431
1300,SUMATERA BARAT,24,6193
1300,SUMATERA BARAT,25,171
1300,SUMATERA BARAT,26,10570
1300,SUMATERA BARAT,27,14068
1300,SUMATERA BARAT,28,7162
1300,SUMATERA BARAT,29,944
1300,SUMATERA BARAT,30,9384
1300,SUMATERA BARAT,31,137904
1300,SUMATERA BARAT,32,4614
1300,SUMATERA BARAT,33,548481
1300,SUMATERA BARAT,34,640
1300,SUMATERA BARAT,35,78150
1300,SUMATERA BARAT,36,304
1300,SUMATERA BARAT,37,375
1300,SUMATERA BARAT,38,727
1300,SUMATERA BARAT,39,20248
1300,SUMATERA BARAT,40,13898
1300,SUMATERA BARAT,41,230376
1300,SUMATERA BARAT,42,8397
1300,SUMATERA BARAT,43,17710
1300,SUMATERA BARAT,44,457
1300,SUMATERA BARAT,46,3399
1300,SUMATERA BARAT,47,3537
1300,SUMATERA BARAT,48,57468
1300,SUMATERA BARAT,49,117118
1300,SUMATERA BARAT,50,203869
1300,SUMATERA BARAT,51,57410
1300,SUMATERA BARAT,52,199
1400,RIAU,1,53193
1400,RIAU,2,158510
1400,RIAU,3,813721
1400,RIAU,4,22978
1400,RIAU,5,57369
1400,RIAU,6,23210
1400,RIAU,7,50137
1400,RIAU,8,3575
1400,RIAU,9,28022
1400,RIAU,10,19106
1400,RIAU,11,7903
1400,RIAU,12,143552
1400,RIAU,13,109
1400,RIAU,14,29904
1400,RIAU,16,10699
1400,RIAU,17,23908
1400,RIAU,18,6600
1400,RIAU,19,1431
1400,RIAU,20,4210
1400,RIAU,21,403
1400,RIAU,22,389
1400,RIAU,23,13989
1400,RIAU,24,6154
1400,RIAU,25,1191
1400,RIAU,26,5814
1400,RIAU,27,13699
1400,RIAU,28,7701
1400,RIAU,29,540
1400,RIAU,30,13992
1400,RIAU,31,159543
1400,RIAU,32,5581
1400,RIAU,33,574738
1400,RIAU,34,445
1400,RIAU,35,61932
1400,RIAU,36,1544
1400,RIAU,37,6448
1400,RIAU,38,542
1400,RIAU,39,38019
1400,RIAU,40,7276
1400,RIAU,41,220173
1400,RIAU,42,6183
1400,RIAU,43,14757
1400,RIAU,44,610
1400,RIAU,45,491
1400,RIAU,46,8780
1400,RIAU,47,10301
1400,RIAU,48,70473
1400,RIAU,49,125302
1400,RIAU,50,190374
1400,RIAU,51,52364
1400,RIAU,52,152
1500,JAMBI,1,97754
1500,JAMBI,2,295748
1500,JAMBI,3,370156
1500,JAMBI,4,8206
1500,JAMBI,5,21480
1500,JAMBI,6,9809
1500,JAMBI,7,20072
1500,JAMBI,8,9381
1500,JAMBI,9,9526
1500,JAMBI,10,53641
1500,JAMBI,12,41678
1500,JAMBI,14,12084
1500,JAMBI,16,6709
1500,JAMBI,17,2020
1500,JAMBI,19,100
1500,JAMBI,20,1858
1500,JAMBI,21,140
1500,JAMBI,18,901
1500,JAMBI,23,7366
1500,JAMBI,24,1462
1500,JAMBI,25,368
1500,JAMBI,26,3986
1500,JAMBI,27,6943
1500,JAMBI,28,2941
1500,JAMBI,30,5067
1500,JAMBI,31,83666
1500,JAMBI,32,1247
1500,JAMBI,33,306190
1500,JAMBI,34,254
1500,JAMBI,35,35613
1500,JAMBI,36,560
1500,JAMBI,37,2554
1500,JAMBI,39,15917
1500,JAMBI,40,5392
1500,JAMBI,41,98047
1500,JAMBI,42,3814
1500,JAMBI,43,9090
1500,JAMBI,44,1000
1500,JAMBI,46,7105
1500,JAMBI,47,3122
1500,JAMBI,48,27720
1500,JAMBI,49,87059
1500,JAMBI,50,92464
1500,JAMBI,51,27365
1500,JAMBI,52,147
1600,SUMATERA SELATAN,1,414195
1600,SUMATERA SELATAN,2,896935
1600,SUMATERA SELATAN,3,622962
1600,SUMATERA SELATAN,4,31104
1600,SUMATERA SELATAN,5,63694
1600,SUMATERA SELATAN,6,17225
1600,SUMATERA SELATAN,7,41219
1600,SUMATERA SELATAN,8,39037
1600,SUMATERA SELATAN,9,24777
1600,SUMATERA SELATAN,10,38761
1600,SUMATERA SELATAN,11,1199
1600,SUMATERA SELATAN,12,119592
1600,SUMATERA SELATAN,13,350
1600,SUMATERA SELATAN,14,46215
1600,SUMATERA SELATAN,15,250
1600,SUMATERA SELATAN,16,14173
1600,SUMATERA SELATAN,17,7707
1600,SUMATERA SELATAN,18,7090
1600,SUMATERA SELATAN,19,1938
1600,SUMATERA SELATAN,20,10816
1600,SUMATERA SELATAN,21,2150
1600,SUMATERA SELATAN,22,100
1600,SUMATERA SELATAN,23,16594
1600,SUMATERA SELATAN,24,8231
1600,SUMATERA SELATAN,25,3945
1600,SUMATERA SELATAN,26,8985
1600,SUMATERA SELATAN,27,16944
1600,SUMATERA SELATAN,28,11380
1600,SUMATERA SELATAN,29,1715
1600,SUMATERA SELATAN,30,15001
1600,SUMATERA SELATAN,31,209627
1600,SUMATERA SELATAN,32,6914
1600,SUMATERA SELATAN,33,759265
1600,SUMATERA SELATAN,34,2252
1600,SUMATERA SELATAN,35,129001
1600,SUMATERA SELATAN,36,774
1600,SUMATERA SELATAN,37,4479
1600,SUMATERA SELATAN,39,39059
1600,SUMATERA SELATAN,40,16728
1600,SUMATERA SELATAN,41,210744
1600,SUMATERA SELATAN,42,14454
1600,SUMATERA SELATAN,43,14455
1600,SUMATERA SELATAN,44,2146
1600,SUMATERA SELATAN,46,10996
1600,SUMATERA SELATAN,47,8646
1600,SUMATERA SELATAN,48,58521
1600,SUMATERA SELATAN,49,137201
1600,SUMATERA SELATAN,50,212572
1600,SUMATERA SELATAN,51,66199
1700,BENGKULU,1,80738
1700,BENGKULU,2,112711
1700,BENGKULU,3,272238
1700,BENGKULU,4,10377
1700,BENGKULU,5,18297
1700,BENGKULU,6,2369
1700,BENGKULU,7,8332
1700,BENGKULU,8,4375
1700,BENGKULU,9,166
1700,BENGKULU,10,10196
1700,BENGKULU,12,32173
1700,BENGKULU,14,7631
1700,BENGKULU,16,1690
1700,BENGKULU,17,1371
1700,BENGKULU,18,1552
1700,BENGKULU,19,359
1700,BENGKULU,20,1884
1700,BENGKULU,22,458
1700,BENGKULU,23,5144
1700,BENGKULU,24,1001
1700,BENGKULU,25,133
1700,BENGKULU,26,2614
1700,BENGKULU,27,4527
1700,BENGKULU,28,2214
1700,BENGKULU,29,81
1700,BENGKULU,30,3248
1700,BENGKULU,31,48060
1700,BENGKULU,32,1540
1700,BENGKULU,33,172023
1700,BENGKULU,35,20296
1700,BENGKULU,36,278
1700,BENGKULU,37,142
1700,BENGKULU,39,10462
1700,BENGKULU,40,1612
1700,BENGKULU,41,49049
1700,BENGKULU,42,4673
1700,BENGKULU,43,6000
1700,BENGKULU,44,47
1700,BENGKULU,46,1316
1700,BENGKULU,47,2499
1700,BENGKULU,48,19732
1700,BENGKULU,49,65046
1700,BENGKULU,50,67632
1700,BENGKULU,51,22315
1800,LAMPUNG,1,805007
1800,LAMPUNG,2,381173
1800,LAMPUNG,3,373757
1800,LAMPUNG,4,271209
1800,LAMPUNG,5,102594
1800,LAMPUNG,6,14671
1800,LAMPUNG,7,73889
1800,LAMPUNG,8,703
1800,LAMPUNG,9,3912
1800,LAMPUNG,10,83835
1800,LAMPUNG,11,137
1800,LAMPUNG,12,213407
1800,LAMPUNG,13,570
1800,LAMPUNG,14,56589
1800,LAMPUNG,15,410
1800,LAMPUNG,16,18126
1800,LAMPUNG,17,10051
1800,LAMPUNG,18,10211
1800,LAMPUNG,20,9535
1800,LAMPUNG,21,3321
1800,LAMPUNG,22,1865
1800,LAMPUNG,23,21452
1800,LAMPUNG,24,11126
1800,LAMPUNG,25,1093
1800,LAMPUNG,26,12080
1800,LAMPUNG,27,18307
1800,LAMPUNG,28,4760
1800,LAMPUNG,29,1902
1800,LAMPUNG,30,12685
1800,LAMPUNG,31,239709
1800,LAMPUNG,32,3971
1800,LAMPUNG,33,939645
1800,LAMPUNG,34,655
1800,LAMPUNG,35,136038
1800,LAMPUNG,37,3549
1800,LAMPUNG,39,56273
1800,LAMPUNG,40,6173
1800,LAMPUNG,41,248125
1800,LAMPUNG,42,16233
1800,LAMPUNG,43,20765
1800,LAMPUNG,44,2723
1800,LAMPUNG,46,14804
1800,LAMPUNG,47,5457
1800,LAMPUNG,48,54992
1800,LAMPUNG,49,135591
1800,LAMPUNG,50,206299
1800,LAMPUNG,51,57603
1800,LAMPUNG,52,524
1900,KEPULAUAN BANGKA BELITUNG,1,18439
1900,KEPULAUAN BANGKA BELITUNG,2,48898
1900,KEPULAUAN BANGKA BELITUNG,3,87811
1900,KEPULAUAN BANGKA BELITUNG,4,3417
1900,KEPULAUAN BANGKA BELITUNG,5,9908
1900,KEPULAUAN BANGKA BELITUNG,6,2978
1900,KEPULAUAN BANGKA BELITUNG,7,27126
1900,KEPULAUAN BANGKA BELITUNG,10,117658
1900,KEPULAUAN BANGKA BELITUNG,11,83
1900,KEPULAUAN BANGKA BELITUNG,12,43721
1900,KEPULAUAN BANGKA BELITUNG,14,4302
1900,KEPULAUAN BANGKA BELITUNG,16,1723
1900,KEPULAUAN BANGKA BELITUNG,17,1439
1900,KEPULAUAN BANGKA BELITUNG,20,346
1900,KEPULAUAN BANGKA BELITUNG,18,1660
1900,KEPULAUAN BANGKA BELITUNG,22,3670
1900,KEPULAUAN BANGKA BELITUNG,23,1251
1900,KEPULAUAN BANGKA BELITUNG,24,963
1900,KEPULAUAN BANGKA BELITUNG,25,921
1900,KEPULAUAN BANGKA BELITUNG,26,784
1900,KEPULAUAN BANGKA BELITUNG,27,2823
1900,KEPULAUAN BANGKA BELITUNG,28,2402
1900,KEPULAUAN BANGKA BELITUNG,29,569
1900,KEPULAUAN BANGKA BELITUNG,30,1514
1900,KEPULAUAN BANGKA BELITUNG,31,33725
1900,KEPULAUAN BANGKA BELITUNG,32,1923
1900,KEPULAUAN BANGKA BELITUNG,33,137929
1900,KEPULAUAN BANGKA BELITUNG,35,6398
1900,KEPULAUAN BANGKA BELITUNG,36,594
1900,KEPULAUAN BANGKA BELITUNG,37,314
1900,KEPULAUAN BANGKA BELITUNG,39,6817
1900,KEPULAUAN BANGKA BELITUNG,40,4242
1900,KEPULAUAN BANGKA BELITUNG,41,48405
1900,KEPULAUAN BANGKA BELITUNG,42,3121
1900,KEPULAUAN BANGKA BELITUNG,43,5623
1900,KEPULAUAN BANGKA BELITUNG,44,310
1900,KEPULAUAN BANGKA BELITUNG,46,1660
1900,KEPULAUAN BANGKA BELITUNG,47,1335
1900,KEPULAUAN BANGKA BELITUNG,48,13985
1900,KEPULAUAN BANGKA BELITUNG,49,42723
1900,KEPULAUAN BANGKA BELITUNG,50,35322
1900,KEPULAUAN BANGKA BELITUNG,51,13820
1900,KEPULAUAN BANGKA BELITUNG,52,262
2100,KEPULAUAN RIAU,1,9627
2100,KEPULAUAN RIAU,2,14483
2100,KEPULAUAN RIAU,3,5668
2100,KEPULAUAN RIAU,4,2690
2100,KEPULAUAN RIAU,5,24997
2100,KEPULAUAN RIAU,6,2101
2100,KEPULAUAN RIAU,7,38050
2100,KEPULAUAN RIAU,8,65
2100,KEPULAUAN RIAU,9,6460
2100,KEPULAUAN RIAU,10,6103
2100,KEPULAUAN RIAU,11,1011
2100,KEPULAUAN RIAU,12,43944
2100,KEPULAUAN RIAU,13,1209
2100,KEPULAUAN RIAU,14,17451
2100,KEPULAUAN RIAU,15,1212
2100,KEPULAUAN RIAU,16,460
2100,KEPULAUAN RIAU,17,8587
2100,KEPULAUAN RIAU,18,6069
2100,KEPULAUAN RIAU,19,311
2100,KEPULAUAN RIAU,20,8116
2100,KEPULAUAN RIAU,21,9478
2100,KEPULAUAN RIAU,22,8303
2100,KEPULAUAN RIAU,23,54891
2100,KEPULAUAN RIAU,24,11316
2100,KEPULAUAN RIAU,25,62594
2100,KEPULAUAN RIAU,26,3788
2100,KEPULAUAN RIAU,27,24731
2100,KEPULAUAN RIAU,28,4866
2100,KEPULAUAN RIAU,29,498
2100,KEPULAUAN RIAU,30,5953
2100,KEPULAUAN RIAU,31,71437
2100,KEPULAUAN RIAU,32,2102
2100,KEPULAUAN RIAU,33,169574
2100,KEPULAUAN RIAU,35,27528
2100,KEPULAUAN RIAU,36,5856
2100,KEPULAUAN RIAU,37,5242
2100,KEPULAUAN RIAU,38,471
2100,KEPULAUAN RIAU,39,31122
2100,KEPULAUAN RIAU,40,19848
2100,KEPULAUAN RIAU,41,93664
2100,KEPULAUAN RIAU,42,6823
2100,KEPULAUAN RIAU,43,8688
2100,KEPULAUAN RIAU,44,1152
2100,KEPULAUAN RIAU,46,3283
2100,KEPULAUAN RIAU,47,5145
2100,KEPULAUAN RIAU,48,33266
2100,KEPULAUAN RIAU,49,53544
2100,KEPULAUAN RIAU,50,69753
2100,KEPULAUAN RIAU,51,20212
3100,DKI JAKARTA,1,1202
3100,DKI JAKARTA,2,25
3100,DKI JAKARTA,3,3407
3100,DKI JAKARTA,4,4757
3100,DKI JAKARTA,5,89708
3100,DKI JAKARTA,7,15409
3100,DKI JAKARTA,8,1117
3100,DKI JAKARTA,9,1846
3100,DKI JAKARTA,10,6159
3100,DKI JAKARTA,11,3926
3100,DKI JAKARTA,12,141910
3100,DKI JAKARTA,13,448
3100,DKI JAKARTA,14,139956
3100,DKI JAKARTA,15,11043
3100,DKI JAKARTA,16,3037
3100,DKI JAKARTA,17,50677
3100,DKI JAKARTA,18,4565
3100,DKI JAKARTA,19,630
3100,DKI JAKARTA,20,47238
3100,DKI JAKARTA,21,39940
3100,DKI JAKARTA,22,12946
3100,DKI JAKARTA,23,53990
3100,DKI JAKARTA,24,26433
3100,DKI JAKARTA,25,29807
3100,DKI JAKARTA,26,12906
3100,DKI JAKARTA,27,48366
3100,DKI JAKARTA,28,5358
3100,DKI JAKARTA,29,1940
3100,DKI JAKARTA,30,24883
3100,DKI JAKARTA,31,219273
3100,DKI JAKARTA,32,32594
3100,DKI JAKARTA,33,1172817
3100,DKI JAKARTA,34,656
3100,DKI JAKARTA,35,361043
3100,DKI JAKARTA,36,10656
3100,DKI JAKARTA,37,4161
3100,DKI JAKARTA,38,3306
3100,DKI JAKARTA,39,228301
3100,DKI JAKARTA,40,62237
3100,DKI JAKARTA,41,586892
3100,DKI JAKARTA,42,95804
3100,DKI JAKARTA,43,95117
3100,DKI JAKARTA,44,25171
3100,DKI JAKARTA,46,46153
3100,DKI JAKARTA,47,142610
3100,DKI JAKARTA,48,237611
3100,DKI JAKARTA,49,234392
3100,DKI JAKARTA,50,266855
3100,DKI JAKARTA,51,129466
3200,JAWA BARAT,1,2537240
3200,JAWA BARAT,2,339616
3200,JAWA BARAT,3,142494
3200,JAWA BARAT,4,471677
3200,JAWA BARAT,5,500041
3200,JAWA BARAT,6,67539
3200,JAWA BARAT,7,110773
3200,JAWA BARAT,8,3770
3200,JAWA BARAT,9,50023
3200,JAWA BARAT,10,161128
3200,JAWA BARAT,11,4745
3200,JAWA BARAT,12,1184237
3200,JAWA BARAT,13,14780
3200,JAWA BARAT,14,1386767
3200,JAWA BARAT,15,343498
3200,JAWA BARAT,16,140598
3200,JAWA BARAT,17,151244
3200,JAWA BARAT,18,128932
3200,JAWA BARAT,19,8948
3200,JAWA BARAT,20,181987
3200,JAWA BARAT,21,137560
3200,JAWA BARAT,22,33994
3200,JAWA BARAT,23,262279
3200,JAWA BARAT,24,136892
3200,JAWA BARAT,25,231158
3200,JAWA BARAT,26,147255
3200,JAWA BARAT,27,253150
3200,JAWA BARAT,28,36997
3200,JAWA BARAT,29,4784
3200,JAWA BARAT,30,105880
3200,JAWA BARAT,31,1766945
3200,JAWA BARAT,32,41060
3200,JAWA BARAT,33,5468910
3200,JAWA BARAT,34,7766
3200,JAWA BARAT,35,842851
3200,JAWA BARAT,36,12795
3200,JAWA BARAT,37,8716
3200,JAWA BARAT,38,4425
3200,JAWA BARAT,39,377757
3200,JAWA BARAT,40,140359
3200,JAWA BARAT,41,2252038
3200,JAWA BARAT,42,197789
3200,JAWA BARAT,43,221450
3200,JAWA BARAT,44,31542
3200,JAWA BARAT,45,1650
3200,JAWA BARAT,46,73843
3200,JAWA BARAT,47,156267
3200,JAWA BARAT,48,544928
3200,JAWA BARAT,49,504490
3200,JAWA BARAT,50,1127519
3200,JAWA BARAT,51,384456
3200,JAWA BARAT,52,192
3300,JAWA TENGAH,1,2897863
3300,JAWA TENGAH,2,519985
3300,JAWA TENGAH,3,515521
3300,JAWA TENGAH,4,1091681
3300,JAWA TENGAH,5,369838
3300,JAWA TENGAH,6,116662
3300,JAWA TENGAH,7,200564
3300,JAWA TENGAH,8,2344
3300,JAWA TENGAH,9,8820
3300,JAWA TENGAH,10,162725
3300,JAWA TENGAH,11,21770
3300,JAWA TENGAH,12,1084016
3300,JAWA TENGAH,13,195942
3300,JAWA TENGAH,14,1325025
3300,JAWA TENGAH,15,237839
3300,JAWA TENGAH,16,334582
3300,JAWA TENGAH,17,98934
3300,JAWA TENGAH,18,55851
3300,JAWA TENGAH,19,4618
3300,JAWA TENGAH,20,107058
3300,JAWA TENGAH,21,104715
3300,JAWA TENGAH,22,12924
3300,JAWA TENGAH,23,175713
3300,JAWA TENGAH,24,40443
3300,JAWA TENGAH,25,25977
3300,JAWA TENGAH,26,287399
3300,JAWA TENGAH,27,274379
3300,JAWA TENGAH,28,20821
3300,JAWA TENGAH,29,8505
3300,JAWA TENGAH,30,87759
3300,JAWA TENGAH,31,1711744
3300,JAWA TENGAH,32,26247
3300,JAWA TENGAH,33,3723152
3300,JAWA TENGAH,34,3569
3300,JAWA TENGAH,35,430575
3300,JAWA TENGAH,36,7379
3300,JAWA TENGAH,37,6938
3300,JAWA TENGAH,38,561
3300,JAWA TENGAH,39,203100
3300,JAWA TENGAH,40,73438
3300,JAWA TENGAH,41,1642667
3300,JAWA TENGAH,42,109347
3300,JAWA TENGAH,43,196266
3300,JAWA TENGAH,44,7195
3300,JAWA TENGAH,45,1261
3300,JAWA TENGAH,46,41384
3300,JAWA TENGAH,47,28606
3300,JAWA TENGAH,48,269112
3300,JAWA TENGAH,49,366047
3300,JAWA TENGAH,50,787115
3300,JAWA TENGAH,51,251824
3300,JAWA TENGAH,52,2433
3400,DI YOGYAKARTA,1,174812
3400,DI YOGYAKARTA,2,57171
3400,DI YOGYAKARTA,3,7661
3400,DI YOGYAKARTA,4,169295
3400,DI YOGYAKARTA,5,15383
3400,DI YOGYAKARTA,6,9111
3400,DI YOGYAKARTA,7,7407
3400,DI YOGYAKARTA,9,893
3400,DI YOGYAKARTA,10,11934
3400,DI YOGYAKARTA,12,119500
3400,DI YOGYAKARTA,13,4837
3400,DI YOGYAKARTA,14,99156
3400,DI YOGYAKARTA,15,4255
3400,DI YOGYAKARTA,16,36872
3400,DI YOGYAKARTA,17,14094
3400,DI YOGYAKARTA,18,11977
3400,DI YOGYAKARTA,20,9995
3400,DI YOGYAKARTA,21,5330
3400,DI YOGYAKARTA,23,17489
3400,DI YOGYAKARTA,24,4072
3400,DI YOGYAKARTA,25,281
3400,DI YOGYAKARTA,26,20071
3400,DI YOGYAKARTA,27,29611
3400,DI YOGYAKARTA,28,2876
3400,DI YOGYAKARTA,29,391
3400,DI YOGYAKARTA,30,8335
3400,DI YOGYAKARTA,31,134578
3400,DI YOGYAKARTA,32,4227
3400,DI YOGYAKARTA,33,426416
3400,DI YOGYAKARTA,34,2231
3400,DI YOGYAKARTA,35,50951
3400,DI YOGYAKARTA,36,494
3400,DI YOGYAKARTA,37,372
3400,DI YOGYAKARTA,38,270
3400,DI YOGYAKARTA,39,31763
3400,DI YOGYAKARTA,40,25721
3400,DI YOGYAKARTA,41,201974
3400,DI YOGYAKARTA,42,18903
3400,DI YOGYAKARTA,43,19163
3400,DI YOGYAKARTA,44,2945
3400,DI YOGYAKARTA,46,6103
3400,DI YOGYAKARTA,47,5923
3400,DI YOGYAKARTA,48,62545
3400,DI YOGYAKARTA,49,67403
3400,DI YOGYAKARTA,50,131777
3400,DI YOGYAKARTA,51,37339
3400,DI YOGYAKARTA,52,1339
3500,JAWA TIMUR,1,3283899
3500,JAWA TIMUR,2,498743
3500,JAWA TIMUR,3,1243147
3500,JAWA TIMUR,4,1957838
3500,JAWA TIMUR,5,428660
3500,JAWA TIMUR,6,116866
3500,JAWA TIMUR,7,250007
3500,JAWA TIMUR,8,5690
3500,JAWA TIMUR,9,14959
3500,JAWA TIMUR,10,169282
3500,JAWA TIMUR,11,20065
3500,JAWA TIMUR,12,1040643
3500,JAWA TIMUR,13,368187
3500,JAWA TIMUR,14,456153
3500,JAWA TIMUR,15,158082
3500,JAWA TIMUR,16,361879
3500,JAWA TIMUR,17,103921
3500,JAWA TIMUR,18,102572
3500,JAWA TIMUR,19,2318
3500,JAWA TIMUR,20,143706
3500,JAWA TIMUR,21,106314
3500,JAWA TIMUR,22,19752
3500,JAWA TIMUR,23,201127
3500,JAWA TIMUR,24,58065
3500,JAWA TIMUR,25,38941
3500,JAWA TIMUR,26,174005
3500,JAWA TIMUR,27,211267
3500,JAWA TIMUR,28,34250
3500,JAWA TIMUR,29,4769
3500,JAWA TIMUR,30,122376
3500,JAWA TIMUR,31,1459002
3500,JAWA TIMUR,32,15883
3500,JAWA TIMUR,33,4285824
3500,JAWA TIMUR,34,6088
3500,JAWA TIMUR,35,441910
3500,JAWA TIMUR,36,11220
3500,JAWA TIMUR,37,11060
3500,JAWA TIMUR,38,3876
3500,JAWA TIMUR,39,283994
3500,JAWA TIMUR,40,93158
3500,JAWA TIMUR,41,1767174
3500,JAWA TIMUR,42,103847
3500,JAWA TIMUR,43,174200
3500,JAWA TIMUR,44,5999
3500,JAWA TIMUR,45,533
3500,JAWA TIMUR,46,48136
3500,JAWA TIMUR,47,45454
3500,JAWA TIMUR,48,380988
3500,JAWA TIMUR,49,421966
3500,JAWA TIMUR,50,1130792
3500,JAWA TIMUR,51,330900
3500,JAWA TIMUR,52,2553
3600,BANTEN,1,561944
3600,BANTEN,2,61661
3600,BANTEN,3,27207
3600,BANTEN,4,49725
3600,BANTEN,5,139422
3600,BANTEN,6,29270
3600,BANTEN,7,39848
3600,BANTEN,8,5490
3600,BANTEN,9,6790
3600,BANTEN,10,56286
3600,BANTEN,11,1372
3600,BANTEN,12,256055
3600,BANTEN,13,1475
3600,BANTEN,14,204331
3600,BANTEN,15,197929
3600,BANTEN,16,30933
3600,BANTEN,17,58925
3600,BANTEN,18,34185
3600,BANTEN,19,2520
3600,BANTEN,20,85854
3600,BANTEN,21,102847
3600,BANTEN,22,35474
3600,BANTEN,23,119813
3600,BANTEN,24,33920
3600,BANTEN,25,23816
3600,BANTEN,26,37030
3600,BANTEN,27,47913
3600,BANTEN,28,12143
3600,BANTEN,29,521
3600,BANTEN,30,33827
3600,BANTEN,31,375020
3600,BANTEN,32,18139
3600,BANTEN,33,1177648
3600,BANTEN,34,1939
3600,BANTEN,35,222358
3600,BANTEN,36,4300
3600,BANTEN,37,2083
3600,BANTEN,38,10959
3600,BANTEN,39,136815
3600,BANTEN,40,48518
3600,BANTEN,41,436697
3600,BANTEN,42,42923
3600,BANTEN,43,67973
3600,BANTEN,44,5962
3600,BANTEN,45,490
3600,BANTEN,46,24037
3600,BANTEN,47,68736
3600,BANTEN,48,164269
3600,BANTEN,49,113269
3600,BANTEN,50,305649
3600,BANTEN,51,79026
5100,BALI,1,142477
5100,BALI,2,103427
5100,BALI,3,40989
5100,BALI,4,174456
5100,BALI,5,36305
5100,BALI,6,6138
5100,BALI,7,15140
5100,BALI,9,231
5100,BALI,10,11321
5100,BALI,11,745
5100,BALI,12,86834
5100,BALI,13,4387
5100,BALI,14,57426
5100,BALI,15,1098
5100,BALI,16,65971
5100,BALI,17,4855
5100,BALI,18,13963
5100,BALI,20,5577
5100,BALI,21,586
5100,BALI,22,125
5100,BALI,23,13286
5100,BALI,24,8482
5100,BALI,25,106
5100,BALI,26,9856
5100,BALI,27,122209
5100,BALI,28,3411
5100,BALI,30,7113
5100,BALI,31,190962
5100,BALI,32,5215
5100,BALI,33,538195
5100,BALI,35,57838
5100,BALI,36,79
5100,BALI,37,23617
5100,BALI,38,1831
5100,BALI,39,25364
5100,BALI,40,166267
5100,BALI,41,215243
5100,BALI,42,12540
5100,BALI,43,61457
5100,BALI,44,1542
5100,BALI,46,10324
5100,BALI,47,5056
5100,BALI,48,53080
5100,BALI,49,105231
5100,BALI,50,115856
5100,BALI,51,50471
5100,BALI,52,489
5200,NUSA TENGGARA BARAT,1,480467
5200,NUSA TENGGARA BARAT,2,58887
5200,NUSA TENGGARA BARAT,3,226340
5200,NUSA TENGGARA BARAT,4,280884
5200,NUSA TENGGARA BARAT,5,55066
5200,NUSA TENGGARA BARAT,6,11510
5200,NUSA TENGGARA BARAT,7,62213
5200,NUSA TENGGARA BARAT,9,296
5200,NUSA TENGGARA BARAT,10,73160
5200,NUSA TENGGARA BARAT,11,2807
5200,NUSA TENGGARA BARAT,12,96867
5200,NUSA TENGGARA BARAT,13,41789
5200,NUSA TENGGARA BARAT,14,39228
5200,NUSA TENGGARA BARAT,16,34374
5200,NUSA TENGGARA BARAT,17,6563
5200,NUSA TENGGARA BARAT,18,12975
5200,NUSA TENGGARA BARAT,20,2517
5200,NUSA TENGGARA BARAT,21,573
5200,NUSA TENGGARA BARAT,22,9346
5200,NUSA TENGGARA BARAT,23,11340
5200,NUSA TENGGARA BARAT,24,10438
5200,NUSA TENGGARA BARAT,25,132
5200,NUSA TENGGARA BARAT,26,9291
5200,NUSA TENGGARA BARAT,27,19067
5200,NUSA TENGGARA BARAT,28,6166
5200,NUSA TENGGARA BARAT,29,99
5200,NUSA TENGGARA BARAT,30,8831
5200,NUSA TENGGARA BARAT,31,185352
5200,NUSA TENGGARA BARAT,32,2439
5200,NUSA TENGGARA BARAT,33,587014
5200,NUSA TENGGARA BARAT,34,130
5200,NUSA TENGGARA BARAT,35,55162
5200,NUSA TENGGARA BARAT,36,1532
5200,NUSA TENGGARA BARAT,37,1043
5200,NUSA TENGGARA BARAT,38,1072
5200,NUSA TENGGARA BARAT,39,26345
5200,NUSA TENGGARA BARAT,40,29161
5200,NUSA TENGGARA BARAT,41,148414
5200,NUSA TENGGARA BARAT,42,9439
5200,NUSA TENGGARA BARAT,43,22908
5200,NUSA TENGGARA BARAT,44,863
5200,NUSA TENGGARA BARAT,46,11182
5200,NUSA TENGGARA BARAT,47,2944
5200,NUSA TENGGARA BARAT,48,46792
5200,NUSA TENGGARA BARAT,49,104300
5200,NUSA TENGGARA BARAT,50,177010
5200,NUSA TENGGARA BARAT,51,59128
5200,NUSA TENGGARA BARAT,52,317
5300,NUSA TENGGARA TIMUR,1,759711
5300,NUSA TENGGARA TIMUR,2,285284
5300,NUSA TENGGARA TIMUR,3,168354
5300,NUSA TENGGARA TIMUR,4,211110
5300,NUSA TENGGARA TIMUR,5,20231
5300,NUSA TENGGARA TIMUR,6,20311
5300,NUSA TENGGARA TIMUR,7,72855
5300,NUSA TENGGARA TIMUR,10,19898
5300,NUSA TENGGARA TIMUR,11,2672
5300,NUSA TENGGARA TIMUR,12,80491
5300,NUSA TENGGARA TIMUR,13,158
5300,NUSA TENGGARA TIMUR,14,134895
5300,NUSA TENGGARA TIMUR,16,10816
5300,NUSA TENGGARA TIMUR,17,1474
5300,NUSA TENGGARA TIMUR,18,7494
5300,NUSA TENGGARA TIMUR,19,267
5300,NUSA TENGGARA TIMUR,20,316
5300,NUSA TENGGARA TIMUR,21,1562
5300,NUSA TENGGARA TIMUR,22,711
5300,NUSA TENGGARA TIMUR,23,5216
5300,NUSA TENGGARA TIMUR,24,3001
5300,NUSA TENGGARA TIMUR,25,226
5300,NUSA TENGGARA TIMUR,26,8173
5300,NUSA TENGGARA TIMUR,27,10012
5300,NUSA TENGGARA TIMUR,28,6522
5300,NUSA TENGGARA TIMUR,29,665
5300,NUSA TENGGARA TIMUR,30,7857
5300,NUSA TENGGARA TIMUR,31,112698
5300,NUSA TENGGARA TIMUR,32,510
5300,NUSA TENGGARA TIMUR,33,362670
5300,NUSA TENGGARA TIMUR,35,108057
5300,NUSA TENGGARA TIMUR,36,1776
5300,NUSA TENGGARA TIMUR,37,1641
5300,NUSA TENGGARA TIMUR,38,137
5300,NUSA TENGGARA TIMUR,39,16661
5300,NUSA TENGGARA TIMUR,40,13286
5300,NUSA TENGGARA TIMUR,41,31022
5300,NUSA TENGGARA TIMUR,42,5766
5300,NUSA TENGGARA TIMUR,43,20364
5300,NUSA TENGGARA TIMUR,44,1103
5300,NUSA TENGGARA TIMUR,46,5091
5300,NUSA TENGGARA TIMUR,47,1300
5300,NUSA TENGGARA TIMUR,48,34608
5300,NUSA TENGGARA TIMUR,49,146561
5300,NUSA TENGGARA TIMUR,50,202791
5300,NUSA TENGGARA TIMUR,51,65923
6100,KALIMANTAN BARAT,1,369314
6100,KALIMANTAN BARAT,2,364028
6100,KALIMANTAN BARAT,3,506422
6100,KALIMANTAN BARAT,4,20650
6100,KALIMANTAN BARAT,5,39579
6100,KALIMANTAN BARAT,6,21866
6100,KALIMANTAN BARAT,7,41059
6100,KALIMANTAN BARAT,8,219
6100,KALIMANTAN BARAT,9,116
6100,KALIMANTAN BARAT,10,77439
6100,KALIMANTAN BARAT,11,270
6100,KALIMANTAN BARAT,12,82300
6100,KALIMANTAN BARAT,14,11601
6100,KALIMANTAN BARAT,16,8136
6100,KALIMANTAN BARAT,17,3442
6100,KALIMANTAN BARAT,18,7993
6100,KALIMANTAN BARAT,20,2855
6100,KALIMANTAN BARAT,22,2047
6100,KALIMANTAN BARAT,23,7508
6100,KALIMANTAN BARAT,24,3398
6100,KALIMANTAN BARAT,25,1450
6100,KALIMANTAN BARAT,26,7458
6100,KALIMANTAN BARAT,27,7836
6100,KALIMANTAN BARAT,28,5434
6100,KALIMANTAN BARAT,29,440
6100,KALIMANTAN BARAT,30,6337
6100,KALIMANTAN BARAT,31,171473
6100,KALIMANTAN BARAT,32,3198
6100,KALIMANTAN BARAT,33,407925
6100,KALIMANTAN BARAT,34,184
6100,KALIMANTAN BARAT,35,43707
6100,KALIMANTAN BARAT,36,2714
6100,KALIMANTAN BARAT,37,5447
6100,KALIMANTAN BARAT,38,971
6100,KALIMANTAN BARAT,39,29860
6100,KALIMANTAN BARAT,40,13076
6100,KALIMANTAN BARAT,41,167484
6100,KALIMANTAN BARAT,42,8707
6100,KALIMANTAN BARAT,43,21351
6100,KALIMANTAN BARAT,44,852
6100,KALIMANTAN BARAT,46,7293
6100,KALIMANTAN BARAT,47,4153
6100,KALIMANTAN BARAT,48,36515
6100,KALIMANTAN BARAT,49,105247
6100,KALIMANTAN BARAT,50,133733
6100,KALIMANTAN BARAT,51,46618
6200,KALIMANTAN TENGAH,1,92917
6200,KALIMANTAN TENGAH,2,102967
6200,KALIMANTAN TENGAH,3,231876
6200,KALIMANTAN TENGAH,4,13657
6200,KALIMANTAN TENGAH,5,25308
6200,KALIMANTAN TENGAH,6,20432
6200,KALIMANTAN TENGAH,7,33268
6200,KALIMANTAN TENGAH,8,20842
6200,KALIMANTAN TENGAH,9,531
6200,KALIMANTAN TENGAH,10,115865
6200,KALIMANTAN TENGAH,11,1148
6200,KALIMANTAN TENGAH,12,42082
6200,KALIMANTAN TENGAH,14,5666
6200,KALIMANTAN TENGAH,16,4832
6200,KALIMANTAN TENGAH,17,1565
6200,KALIMANTAN TENGAH,18,2503
6200,KALIMANTAN TENGAH,20,1977
6200,KALIMANTAN TENGAH,22,852
6200,KALIMANTAN TENGAH,23,3467
6200,KALIMANTAN TENGAH,24,2899
6200,KALIMANTAN TENGAH,25,675
6200,KALIMANTAN TENGAH,26,2833
6200,KALIMANTAN TENGAH,27,2407
6200,KALIMANTAN TENGAH,28,2182
6200,KALIMANTAN TENGAH,29,1383
6200,KALIMANTAN TENGAH,30,4671
6200,KALIMANTAN TENGAH,31,66872
6200,KALIMANTAN TENGAH,32,1034
6200,KALIMANTAN TENGAH,33,222779
6200,KALIMANTAN TENGAH,35,22829
6200,KALIMANTAN TENGAH,36,400
6200,KALIMANTAN TENGAH,37,3129
6200,KALIMANTAN TENGAH,38,78
6200,KALIMANTAN TENGAH,39,10410
6200,KALIMANTAN TENGAH,40,3467
6200,KALIMANTAN TENGAH,41,77065
6200,KALIMANTAN TENGAH,42,5386
6200,KALIMANTAN TENGAH,43,6313
6200,KALIMANTAN TENGAH,46,5155
6200,KALIMANTAN TENGAH,47,2825
6200,KALIMANTAN TENGAH,48,28293
6200,KALIMANTAN TENGAH,49,81958
6200,KALIMANTAN TENGAH,50,78098
6200,KALIMANTAN TENGAH,51,23250
6300,KALIMANTAN SELATAN,1,266241
6300,KALIMANTAN SELATAN,2,196023
6300,KALIMANTAN SELATAN,3,75752
6300,KALIMANTAN SELATAN,4,28653
6300,KALIMANTAN SELATAN,5,50861
6300,KALIMANTAN SELATAN,6,16756
6300,KALIMANTAN SELATAN,7,39829
6300,KALIMANTAN SELATAN,8,68642
6300,KALIMANTAN SELATAN,9,465
6300,KALIMANTAN SELATAN,10,25588
6300,KALIMANTAN SELATAN,11,2162
6300,KALIMANTAN SELATAN,12,68335
6300,KALIMANTAN SELATAN,13,108
6300,KALIMANTAN SELATAN,14,21775
6300,KALIMANTAN SELATAN,16,24044
6300,KALIMANTAN SELATAN,17,5297
6300,KALIMANTAN SELATAN,18,6433
6300,KALIMANTAN SELATAN,19,138
6300,KALIMANTAN SELATAN,20,5741
6300,KALIMANTAN SELATAN,21,765
6300,KALIMANTAN SELATAN,22,748
6300,KALIMANTAN SELATAN,23,11144
6300,KALIMANTAN SELATAN,24,5023
6300,KALIMANTAN SELATAN,25,5454
6300,KALIMANTAN SELATAN,26,4362
6300,KALIMANTAN SELATAN,27,12945
6300,KALIMANTAN SELATAN,28,4747
6300,KALIMANTAN SELATAN,29,217
6300,KALIMANTAN SELATAN,30,5718
6300,KALIMANTAN SELATAN,31,98527
6300,KALIMANTAN SELATAN,32,2191
6300,KALIMANTAN SELATAN,33,413420
6300,KALIMANTAN SELATAN,34,1029
6300,KALIMANTAN SELATAN,35,50837
6300,KALIMANTAN SELATAN,36,6634
6300,KALIMANTAN SELATAN,37,2830
6300,KALIMANTAN SELATAN,38,811
6300,KALIMANTAN SELATAN,39,24343
6300,KALIMANTAN SELATAN,40,9674
6300,KALIMANTAN SELATAN,41,172524
6300,KALIMANTAN SELATAN,42,8603
6300,KALIMANTAN SELATAN,43,7218
6300,KALIMANTAN SELATAN,44,473
6300,KALIMANTAN SELATAN,46,4543
6300,KALIMANTAN SELATAN,47,4146
6300,KALIMANTAN SELATAN,48,44771
6300,KALIMANTAN SELATAN,49,101652
6300,KALIMANTAN SELATAN,50,130697
6300,KALIMANTAN SELATAN,51,38764
6300,KALIMANTAN SELATAN,52,456
6400,KALIMANTAN TIMUR,1,98178
6400,KALIMANTAN TIMUR,2,45780
6400,KALIMANTAN TIMUR,3,148250
6400,KALIMANTAN TIMUR,4,8561
6400,KALIMANTAN TIMUR,5,25758
6400,KALIMANTAN TIMUR,6,11001
6400,KALIMANTAN TIMUR,7,42012
6400,KALIMANTAN TIMUR,8,134526
6400,KALIMANTAN TIMUR,9,12981
6400,KALIMANTAN TIMUR,10,17496
6400,KALIMANTAN TIMUR,11,8039
6400,KALIMANTAN TIMUR,12,63413
6400,KALIMANTAN TIMUR,14,13982
6400,KALIMANTAN TIMUR,15,170
6400,KALIMANTAN TIMUR,16,4922
6400,KALIMANTAN TIMUR,17,3310
6400,KALIMANTAN TIMUR,18,5314
6400,KALIMANTAN TIMUR,19,1825
6400,KALIMANTAN TIMUR,20,4123
6400,KALIMANTAN TIMUR,22,764
6400,KALIMANTAN TIMUR,23,17313
6400,KALIMANTAN TIMUR,24,4045
6400,KALIMANTAN TIMUR,25,9638
6400,KALIMANTAN TIMUR,26,5379
6400,KALIMANTAN TIMUR,27,16546
6400,KALIMANTAN TIMUR,28,6469
6400,KALIMANTAN TIMUR,29,3148
6400,KALIMANTAN TIMUR,30,7459
6400,KALIMANTAN TIMUR,31,132640
6400,KALIMANTAN TIMUR,32,4369
6400,KALIMANTAN TIMUR,33,382034
6400,KALIMANTAN TIMUR,35,68003
6400,KALIMANTAN TIMUR,36,4754
6400,KALIMANTAN TIMUR,37,6681
6400,KALIMANTAN TIMUR,39,46598
6400,KALIMANTAN TIMUR,40,7098
6400,KALIMANTAN TIMUR,41,156369
6400,KALIMANTAN TIMUR,42,10040
6400,KALIMANTAN TIMUR,43,13529
6400,KALIMANTAN TIMUR,44,210
6400,KALIMANTAN TIMUR,46,7865
6400,KALIMANTAN TIMUR,47,12898
6400,KALIMANTAN TIMUR,48,73759
6400,KALIMANTAN TIMUR,49,108978
6400,KALIMANTAN TIMUR,50,118148
6400,KALIMANTAN TIMUR,51,40837
6400,KALIMANTAN TIMUR,52,159
6500,KALIMANTAN UTARA,1,42637
6500,KALIMANTAN UTARA,2,3262
6500,KALIMANTAN UTARA,3,26507
6500,KALIMANTAN UTARA,4,5016
6500,KALIMANTAN UTARA,5,5175
6500,KALIMANTAN UTARA,6,5318
6500,KALIMANTAN UTARA,7,37619
6500,KALIMANTAN UTARA,8,9056
6500,KALIMANTAN UTARA,9,1887
6500,KALIMANTAN UTARA,10,1208
6500,KALIMANTAN UTARA,11,276
6500,KALIMANTAN UTARA,12,12439
6500,KALIMANTAN UTARA,14,2665
6500,KALIMANTAN UTARA,16,5265
6500,KALIMANTAN UTARA,17,1528
6500,KALIMANTAN UTARA,18,259
6500,KALIMANTAN UTARA,19,412
6500,KALIMANTAN UTARA,20,354
6500,KALIMANTAN UTARA,22,186
6500,KALIMANTAN UTARA,23,1331
6500,KALIMANTAN UTARA,24,693
6500,KALIMANTAN UTARA,25,896
6500,KALIMANTAN UTARA,26,448
6500,KALIMANTAN UTARA,27,2902
6500,KALIMANTAN UTARA,28,1229
6500,KALIMANTAN UTARA,29,195
6500,KALIMANTAN UTARA,30,1891
6500,KALIMANTAN UTARA,31,16486
6500,KALIMANTAN UTARA,32,111
6500,KALIMANTAN UTARA,33,63965
6500,KALIMANTAN UTARA,35,4253
6500,KALIMANTAN UTARA,36,1010
6500,KALIMANTAN UTARA,37,2505
6500,KALIMANTAN UTARA,38,247
6500,KALIMANTAN UTARA,39,6247
6500,KALIMANTAN UTARA,40,1331
6500,KALIMANTAN UTARA,41,24628
6500,KALIMANTAN UTARA,42,1082
6500,KALIMANTAN UTARA,43,855
6500,KALIMANTAN UTARA,46,684
6500,KALIMANTAN UTARA,47,1761
6500,KALIMANTAN UTARA,48,8063
6500,KALIMANTAN UTARA,49,30798
6500,KALIMANTAN UTARA,50,21477
6500,KALIMANTAN UTARA,51,10968
6500,KALIMANTAN UTARA,52,48
7100,SULAWESI UTARA,1,93055
7100,SULAWESI UTARA,2,140577
7100,SULAWESI UTARA,3,68108
7100,SULAWESI UTARA,4,6425
7100,SULAWESI UTARA,5,20458
7100,SULAWESI UTARA,6,3962
7100,SULAWESI UTARA,7,39613
7100,SULAWESI UTARA,8,1723
7100,SULAWESI UTARA,9,694
7100,SULAWESI UTARA,10,40090
7100,SULAWESI UTARA,11,604
7100,SULAWESI UTARA,12,65278
7100,SULAWESI UTARA,14,7093
7100,SULAWESI UTARA,15,50
7100,SULAWESI UTARA,16,3745
7100,SULAWESI UTARA,17,2228
7100,SULAWESI UTARA,18,2036
7100,SULAWESI UTARA,20,2281
7100,SULAWESI UTARA,21,543
7100,SULAWESI UTARA,22,1756
7100,SULAWESI UTARA,23,3926
7100,SULAWESI UTARA,24,2460
7100,SULAWESI UTARA,25,1331
7100,SULAWESI UTARA,26,3977
7100,SULAWESI UTARA,27,4634
7100,SULAWESI UTARA,28,2310
7100,SULAWESI UTARA,29,572
7100,SULAWESI UTARA,30,2762
7100,SULAWESI UTARA,31,76709
7100,SULAWESI UTARA,32,2170
7100,SULAWESI UTARA,33,235587
7100,SULAWESI UTARA,35,70433
7100,SULAWESI UTARA,36,2476
7100,SULAWESI UTARA,37,1743
7100,SULAWESI UTARA,38,221
7100,SULAWESI UTARA,39,19747
7100,SULAWESI UTARA,40,10678
7100,SULAWESI UTARA,41,67882
7100,SULAWESI UTARA,42,4582
7100,SULAWESI UTARA,43,10796
7100,SULAWESI UTARA,44,660
7100,SULAWESI UTARA,46,5731
7100,SULAWESI UTARA,47,4274
7100,SULAWESI UTARA,48,25254
7100,SULAWESI UTARA,49,96987
7100,SULAWESI UTARA,50,70328
7100,SULAWESI UTARA,51,32088
7200,SULAWESI TENGAH,1,220593
7200,SULAWESI TENGAH,2,162644
7200,SULAWESI TENGAH,3,193202
7200,SULAWESI TENGAH,4,15273
7200,SULAWESI TENGAH,5,25033
7200,SULAWESI TENGAH,6,9936
7200,SULAWESI TENGAH,7,63640
7200,SULAWESI TENGAH,8,151
7200,SULAWESI TENGAH,9,4144
7200,SULAWESI TENGAH,10,29896
7200,SULAWESI TENGAH,11,316
7200,SULAWESI TENGAH,12,55342
7200,SULAWESI TENGAH,14,18233
7200,SULAWESI TENGAH,16,7018
7200,SULAWESI TENGAH,17,3095
7200,SULAWESI TENGAH,18,3663
7200,SULAWESI TENGAH,20,2197
7200,SULAWESI TENGAH,21,808
7200,SULAWESI TENGAH,22,9676
7200,SULAWESI TENGAH,23,7571
7200,SULAWESI TENGAH,24,2874
7200,SULAWESI TENGAH,25,506
7200,SULAWESI TENGAH,26,3998
7200,SULAWESI TENGAH,27,3726
7200,SULAWESI TENGAH,28,5417
7200,SULAWESI TENGAH,29,1313
7200,SULAWESI TENGAH,30,2782
7200,SULAWESI TENGAH,31,81662
7200,SULAWESI TENGAH,32,938
7200,SULAWESI TENGAH,33,242814
7200,SULAWESI TENGAH,34,326
7200,SULAWESI TENGAH,35,26301
7200,SULAWESI TENGAH,36,2539
7200,SULAWESI TENGAH,37,498
7200,SULAWESI TENGAH,39,13270
7200,SULAWESI TENGAH,40,6421
7200,SULAWESI TENGAH,41,75986
7200,SULAWESI TENGAH,42,3395
7200,SULAWESI TENGAH,43,7296
7200,SULAWESI TENGAH,44,219
7200,SULAWESI TENGAH,46,4322
7200,SULAWESI TENGAH,47,1274
7200,SULAWESI TENGAH,48,26819
7200,SULAWESI TENGAH,49,103718
7200,SULAWESI TENGAH,50,83794
7200,SULAWESI TENGAH,51,30098
7200,SULAWESI TENGAH,52,177
7300,SULAWESI SELATAN,1,875856
7300,SULAWESI SELATAN,2,265811
7300,SULAWESI SELATAN,3,131569
7300,SULAWESI SELATAN,4,167986
7300,SULAWESI SELATAN,5,68872
7300,SULAWESI SELATAN,6,7784
7300,SULAWESI SELATAN,7,188688
7300,SULAWESI SELATAN,8,1191
7300,SULAWESI SELATAN,9,1085
7300,SULAWESI SELATAN,10,51051
7300,SULAWESI SELATAN,11,6371
7300,SULAWESI SELATAN,12,187234
7300,SULAWESI SELATAN,13,1137
7300,SULAWESI SELATAN,14,53980
7300,SULAWESI SELATAN,15,511
7300,SULAWESI SELATAN,16,25855
7300,SULAWESI SELATAN,17,9918
7300,SULAWESI SELATAN,18,14189
7300,SULAWESI SELATAN,19,676
7300,SULAWESI SELATAN,20,10050
7300,SULAWESI SELATAN,21,1587
7300,SULAWESI SELATAN,22,5490
7300,SULAWESI SELATAN,23,25541
7300,SULAWESI SELATAN,24,12285
7300,SULAWESI SELATAN,25,2555
7300,SULAWESI SELATAN,26,23466
7300,SULAWESI SELATAN,27,14734
7300,SULAWESI SELATAN,28,12868
7300,SULAWESI SELATAN,29,1634
7300,SULAWESI SELATAN,30,17175
7300,SULAWESI SELATAN,31,307955
7300,SULAWESI SELATAN,32,6209
7300,SULAWESI SELATAN,33,853975
7300,SULAWESI SELATAN,35,140283
7300,SULAWESI SELATAN,36,19470
7300,SULAWESI SELATAN,37,6016
7300,SULAWESI SELATAN,38,334
7300,SULAWESI SELATAN,39,54753
7300,SULAWESI SELATAN,40,20014
7300,SULAWESI SELATAN,41,215253
7300,SULAWESI SELATAN,42,16434
7300,SULAWESI SELATAN,43,30553
7300,SULAWESI SELATAN,44,1268
7300,SULAWESI SELATAN,46,18529
7300,SULAWESI SELATAN,47,9080
7300,SULAWESI SELATAN,48,92546
7300,SULAWESI SELATAN,49,217546
7300,SULAWESI SELATAN,50,277546
7300,SULAWESI SELATAN,51,112062
7300,SULAWESI SELATAN,52,445
7400,SULAWESI TENGGARA,1,155487
7400,SULAWESI TENGGARA,2,152495
7400,SULAWESI TENGGARA,3,65319
7400,SULAWESI TENGGARA,4,19688
7400,SULAWESI TENGGARA,5,15241
7400,SULAWESI TENGGARA,6,10667
7400,SULAWESI TENGGARA,7,88906
7400,SULAWESI TENGGARA,9,88
7400,SULAWESI TENGGARA,10,41597
7400,SULAWESI TENGGARA,11,61
7400,SULAWESI TENGGARA,12,56637
7400,SULAWESI TENGGARA,14,12530
7400,SULAWESI TENGGARA,16,4916
7400,SULAWESI TENGGARA,17,2567
7400,SULAWESI TENGGARA,18,5176
7400,SULAWESI TENGGARA,20,552
7400,SULAWESI TENGGARA,21,131
7400,SULAWESI TENGGARA,22,11512
7400,SULAWESI TENGGARA,23,5326
7400,SULAWESI TENGGARA,24,2006
7400,SULAWESI TENGGARA,25,776
7400,SULAWESI TENGGARA,26,7203
7400,SULAWESI TENGGARA,27,3286
7400,SULAWESI TENGGARA,28,4538
7400,SULAWESI TENGGARA,29,1714
7400,SULAWESI TENGGARA,30,6553
7400,SULAWESI TENGGARA,31,85608
7400,SULAWESI TENGGARA,32,1204
7400,SULAWESI TENGGARA,33,267490
7400,SULAWESI TENGGARA,35,34582
7400,SULAWESI TENGGARA,36,1311
7400,SULAWESI TENGGARA,37,1261
7400,SULAWESI TENGGARA,38,150
7400,SULAWESI TENGGARA,39,13237
7400,SULAWESI TENGGARA,40,5247
7400,SULAWESI TENGGARA,41,51429
7400,SULAWESI TENGGARA,42,2405
7400,SULAWESI TENGGARA,43,9006
7400,SULAWESI TENGGARA,44,841
7400,SULAWESI TENGGARA,46,4421
7400,SULAWESI TENGGARA,47,1985
7400,SULAWESI TENGGARA,48,25017
7400,SULAWESI TENGGARA,49,102615
7400,SULAWESI TENGGARA,50,85253
7400,SULAWESI TENGGARA,51,40720
7400,SULAWESI TENGGARA,52,153
7500,GORONTALO,1,126806
7500,GORONTALO,2,19106
7500,GORONTALO,3,18850
7500,GORONTALO,4,8014
7500,GORONTALO,5,10987
7500,GORONTALO,6,3156
7500,GORONTALO,7,19451
7500,GORONTALO,8,128
7500,GORONTALO,10,19892
7500,GORONTALO,11,107
7500,GORONTALO,12,27767
7500,GORONTALO,13,84
7500,GORONTALO,14,7207
7500,GORONTALO,16,2402
7500,GORONTALO,17,1183
7500,GORONTALO,18,1625
7500,GORONTALO,20,825
7500,GORONTALO,23,1353
7500,GORONTALO,24,815
7500,GORONTALO,25,72
7500,GORONTALO,26,4225
7500,GORONTALO,27,3167
7500,GORONTALO,28,952
7500,GORONTALO,29,608
7500,GORONTALO,30,1445
7500,GORONTALO,31,33643
7500,GORONTALO,32,689
7500,GORONTALO,33,111931
7500,GORONTALO,35,33236
7500,GORONTALO,36,392
7500,GORONTALO,37,178
7500,GORONTALO,39,3990
7500,GORONTALO,40,2021
7500,GORONTALO,41,38769
7500,GORONTALO,42,2277
7500,GORONTALO,43,4492
7500,GORONTALO,44,114
7500,GORONTALO,46,3540
7500,GORONTALO,47,67
7500,GORONTALO,48,12795
7500,GORONTALO,49,42961
7500,GORONTALO,50,33655
7500,GORONTALO,51,8889
7500,GORONTALO,52,82
7600,SULAWESI BARAT,1,102597
7600,SULAWESI BARAT,2,21164
7600,SULAWESI BARAT,3,166389
7600,SULAWESI BARAT,4,33477
7600,SULAWESI BARAT,5,8142
7600,SULAWESI BARAT,6,2065
7600,SULAWESI BARAT,7,26073
7600,SULAWESI BARAT,8,139
7600,SULAWESI BARAT,10,6574
7600,SULAWESI BARAT,12,35124
7600,SULAWESI BARAT,14,11185
7600,SULAWESI BARAT,16,1807
7600,SULAWESI BARAT,17,1142
7600,SULAWESI BARAT,20,1467
7600,SULAWESI BARAT,18,53
7600,SULAWESI BARAT,22,269
7600,SULAWESI BARAT,23,1385
7600,SULAWESI BARAT,24,521
7600,SULAWESI BARAT,25,384
7600,SULAWESI BARAT,26,1489
7600,SULAWESI BARAT,27,2771
7600,SULAWESI BARAT,28,1249
7600,SULAWESI BARAT,29,1418
7600,SULAWESI BARAT,30,1784
7600,SULAWESI BARAT,31,34265
7600,SULAWESI BARAT,32,909
7600,SULAWESI BARAT,33,120323
7600,SULAWESI BARAT,34,259
7600,SULAWESI BARAT,35,14203
7600,SULAWESI BARAT,36,685
7600,SULAWESI BARAT,37,40
7600,SULAWESI BARAT,39,3419
7600,SULAWESI BARAT,40,1819
7600,SULAWESI BARAT,41,25084
7600,SULAWESI BARAT,42,2832
7600,SULAWESI BARAT,43,3272
7600,SULAWESI BARAT,46,1614
7600,SULAWESI BARAT,47,713
7600,SULAWESI BARAT,48,8516
7600,SULAWESI BARAT,49,37898
7600,SULAWESI BARAT,50,48319
7600,SULAWESI BARAT,51,15035
8100,MALUKU,1,146055
8100,MALUKU,2,69497
8100,MALUKU,3,40531
8100,MALUKU,4,5087
8100,MALUKU,5,9199
8100,MALUKU,6,3705
8100,MALUKU,7,49332
8100,MALUKU,9,563
8100,MALUKU,10,17645
8100,MALUKU,11,125
8100,MALUKU,12,58483
8100,MALUKU,14,4472
8100,MALUKU,16,2968
8100,MALUKU,17,681
8100,MALUKU,18,1086
8100,MALUKU,20,2507
8100,MALUKU,21,132
8100,MALUKU,22,394
8100,MALUKU,23,1361
8100,MALUKU,24,2298
8100,MALUKU,25,272
8100,MALUKU,26,2460
8100,MALUKU,27,4184
8100,MALUKU,28,3924
8100,MALUKU,29,707
8100,MALUKU,30,2198
8100,MALUKU,31,33164
8100,MALUKU,32,330
8100,MALUKU,33,145922
8100,MALUKU,34,69
8100,MALUKU,35,45781
8100,MALUKU,36,1194
8100,MALUKU,37,2476
8100,MALUKU,39,7946
8100,MALUKU,40,3757
8100,MALUKU,41,36355
8100,MALUKU,42,2412
8100,MALUKU,43,6232
8100,MALUKU,44,156
8100,MALUKU,46,1980
8100,MALUKU,47,944
8100,MALUKU,48,19069
8100,MALUKU,49,64164
8100,MALUKU,50,67871
8100,MALUKU,51,20160
8200,MALUKU UTARA,1,48510
8200,MALUKU UTARA,2,78099
8200,MALUKU UTARA,3,127835
8200,MALUKU UTARA,4,943
8200,MALUKU UTARA,5,7608
8200,MALUKU UTARA,6,5168
8200,MALUKU UTARA,7,23532
8200,MALUKU UTARA,9,199
8200,MALUKU UTARA,10,15922
8200,MALUKU UTARA,11,369
8200,MALUKU UTARA,12,37145
8200,MALUKU UTARA,14,2482
8200,MALUKU UTARA,16,974
8200,MALUKU UTARA,17,51
8200,MALUKU UTARA,20,302
8200,MALUKU UTARA,18,765
8200,MALUKU UTARA,22,2251
8200,MALUKU UTARA,23,2022
8200,MALUKU UTARA,24,766
8200,MALUKU UTARA,25,214
8200,MALUKU UTARA,26,1379
8200,MALUKU UTARA,27,1747
8200,MALUKU UTARA,28,2177
8200,MALUKU UTARA,29,795
8200,MALUKU UTARA,30,2054
8200,MALUKU UTARA,31,25568
8200,MALUKU UTARA,32,120
8200,MALUKU UTARA,33,79684
8200,MALUKU UTARA,34,125
8200,MALUKU UTARA,35,22490
8200,MALUKU UTARA,36,293
8200,MALUKU UTARA,37,2177
8200,MALUKU UTARA,38,237
8200,MALUKU UTARA,39,5484
8200,MALUKU UTARA,40,2669
8200,MALUKU UTARA,41,19757
8200,MALUKU UTARA,42,806
8200,MALUKU UTARA,43,2644
8200,MALUKU UTARA,44,249
8200,MALUKU UTARA,45,118
8200,MALUKU UTARA,46,421
8200,MALUKU UTARA,47,195
8200,MALUKU UTARA,48,11826
8200,MALUKU UTARA,49,55576
8200,MALUKU UTARA,50,42161
8200,MALUKU UTARA,51,17238
8200,MALUKU UTARA,52,31
9100,PAPUA BARAT,1,90148
9100,PAPUA BARAT,2,7654
9100,PAPUA BARAT,3,5597
9100,PAPUA BARAT,4,3345
9100,PAPUA BARAT,5,2754
9100,PAPUA BARAT,6,2781
9100,PAPUA BARAT,7,13531
9100,PAPUA BARAT,9,868
9100,PAPUA BARAT,10,1841
9100,PAPUA BARAT,12,7582
9100,PAPUA BARAT,14,775
9100,PAPUA BARAT,16,159
9100,PAPUA BARAT,17,413
9100,PAPUA BARAT,18,719
9100,PAPUA BARAT,19,70
9100,PAPUA BARAT,20,139
9100,PAPUA BARAT,23,413
9100,PAPUA BARAT,24,150
9100,PAPUA BARAT,25,255
9100,PAPUA BARAT,26,1410
9100,PAPUA BARAT,27,243
9100,PAPUA BARAT,28,426
9100,PAPUA BARAT,29,29
9100,PAPUA BARAT,30,64
9100,PAPUA BARAT,31,16268
9100,PAPUA BARAT,33,44377
9100,PAPUA BARAT,35,8687
9100,PAPUA BARAT,37,556
9100,PAPUA BARAT,39,2762
9100,PAPUA BARAT,40,1153
9100,PAPUA BARAT,41,4419
9100,PAPUA BARAT,42,1058
9100,PAPUA BARAT,43,791
9100,PAPUA BARAT,46,357
9100,PAPUA BARAT,47,122
9100,PAPUA BARAT,48,6753
9100,PAPUA BARAT,49,37555
9100,PAPUA BARAT,50,13891
9100,PAPUA BARAT,51,7215
9200,PAPUA BARAT DAYA,1,56326
9200,PAPUA BARAT DAYA,2,8089
9200,PAPUA BARAT DAYA,3,3944
9200,PAPUA BARAT DAYA,4,879
9200,PAPUA BARAT DAYA,5,3754
9200,PAPUA BARAT DAYA,6,3006
9200,PAPUA BARAT DAYA,7,14241
9200,PAPUA BARAT DAYA,8,888
9200,PAPUA BARAT DAYA,9,2600
9200,PAPUA BARAT DAYA,10,7998
9200,PAPUA BARAT DAYA,11,323
9200,PAPUA BARAT DAYA,12,15021
9200,PAPUA BARAT DAYA,14,1328
9200,PAPUA BARAT DAYA,16,1303
9200,PAPUA BARAT DAYA,17,299
9200,PAPUA BARAT DAYA,18,390
9200,PAPUA BARAT DAYA,19,342
9200,PAPUA BARAT DAYA,20,151
9200,PAPUA BARAT DAYA,23,1208
9200,PAPUA BARAT DAYA,24,1254
9200,PAPUA BARAT DAYA,25,135
9200,PAPUA BARAT DAYA,26,233
9200,PAPUA BARAT DAYA,27,1778
9200,PAPUA BARAT DAYA,28,1541
9200,PAPUA BARAT DAYA,29,43
9200,PAPUA BARAT DAYA,30,342
9200,PAPUA BARAT DAYA,31,14266
9200,PAPUA BARAT DAYA,32,179
9200,PAPUA BARAT DAYA,33,50087
9200,PAPUA BARAT DAYA,35,14691
9200,PAPUA BARAT DAYA,36,537
9200,PAPUA BARAT DAYA,37,624
9200,PAPUA BARAT DAYA,39,3109
9200,PAPUA BARAT DAYA,40,4056
9200,PAPUA BARAT DAYA,41,10183
9200,PAPUA BARAT DAYA,42,1604
9200,PAPUA BARAT DAYA,43,2315
9200,PAPUA BARAT DAYA,44,156
9200,PAPUA BARAT DAYA,46,716
9200,PAPUA BARAT DAYA,47,270
9200,PAPUA BARAT DAYA,48,5609
9200,PAPUA BARAT DAYA,49,30576
9200,PAPUA BARAT DAYA,50,17526
9200,PAPUA BARAT DAYA,51,6182
9400,PAPUA,1,63576
9400,PAPUA,2,17792
9400,PAPUA,3,6146
9400,PAPUA,4,7496
9400,PAPUA,5,6224
9400,PAPUA,6,4917
9400,PAPUA,7,36084
9400,PAPUA,9,238
9400,PAPUA,10,2565
9400,PAPUA,11,250
9400,PAPUA,12,11121
9400,PAPUA,14,1341
9400,PAPUA,16,2438
9400,PAPUA,17,1924
9400,PAPUA,18,719
9400,PAPUA,20,129
9400,PAPUA,23,1510
9400,PAPUA,24,1757
9400,PAPUA,25,758
9400,PAPUA,26,1532
9400,PAPUA,27,768
9400,PAPUA,28,1012
9400,PAPUA,29,474
9400,PAPUA,30,1139
9400,PAPUA,31,22825
9400,PAPUA,32,169
9400,PAPUA,33,80908
9400,PAPUA,35,26728
9400,PAPUA,36,741
9400,PAPUA,37,674
9400,PAPUA,38,468
9400,PAPUA,39,5947
9400,PAPUA,40,2265
9400,PAPUA,41,19516
9400,PAPUA,42,3676
9400,PAPUA,43,6389
9400,PAPUA,46,1367
9400,PAPUA,47,301
9400,PAPUA,48,10572
9400,PAPUA,49,62068
9400,PAPUA,50,21294
9400,PAPUA,51,12071
9500,PAPUA SELATAN,1,45995
9500,PAPUA SELATAN,2,24744
9500,PAPUA SELATAN,3,6507
9500,PAPUA SELATAN,4,3908
9500,PAPUA SELATAN,5,1843
9500,PAPUA SELATAN,6,6344
9500,PAPUA SELATAN,7,27971
9500,PAPUA SELATAN,10,1282
9500,PAPUA SELATAN,12,4093
9500,PAPUA SELATAN,14,731
9500,PAPUA SELATAN,15,200
9500,PAPUA SELATAN,16,451
9500,PAPUA SELATAN,17,211
9500,PAPUA SELATAN,20,180
9500,PAPUA SELATAN,18,51
9500,PAPUA SELATAN,23,385
9500,PAPUA SELATAN,24,141
9500,PAPUA SELATAN,25,115
9500,PAPUA SELATAN,26,1070
9500,PAPUA SELATAN,27,142
9500,PAPUA SELATAN,28,501
9500,PAPUA SELATAN,30,343
9500,PAPUA SELATAN,31,9200
9500,PAPUA SELATAN,32,48
9500,PAPUA SELATAN,33,35938
9500,PAPUA SELATAN,35,4134
9500,PAPUA SELATAN,36,320
9500,PAPUA SELATAN,37,644
9500,PAPUA SELATAN,38,177
9500,PAPUA SELATAN,39,1428
9500,PAPUA SELATAN,40,205
9500,PAPUA SELATAN,41,6302
9500,PAPUA SELATAN,42,854
9500,PAPUA SELATAN,43,633
9500,PAPUA SELATAN,44,89
9500,PAPUA SELATAN,46,224
9500,PAPUA SELATAN,47,50
9500,PAPUA SELATAN,48,4004
9500,PAPUA SELATAN,49,18162
9500,PAPUA SELATAN,50,9935
9500,PAPUA SELATAN,51,3981
9600,PAPUA TENGAH,1,480144
9600,PAPUA TENGAH,2,6902
9600,PAPUA TENGAH,3,4840
9600,PAPUA TENGAH,4,40335
9600,PAPUA TENGAH,5,6054
9600,PAPUA TENGAH,6,4770
9600,PAPUA TENGAH,7,20413
9600,PAPUA TENGAH,10,13923
9600,PAPUA TENGAH,11,512
9600,PAPUA TENGAH,12,3984
9600,PAPUA TENGAH,14,1032
9600,PAPUA TENGAH,16,1453
9600,PAPUA TENGAH,17,193
9600,PAPUA TENGAH,20,175
9600,PAPUA TENGAH,18,125
9600,PAPUA TENGAH,22,79
9600,PAPUA TENGAH,23,1337
9600,PAPUA TENGAH,24,1140
9600,PAPUA TENGAH,25,168
9600,PAPUA TENGAH,26,106
9600,PAPUA TENGAH,27,1113
9600,PAPUA TENGAH,28,1007
9600,PAPUA TENGAH,30,630
9600,PAPUA TENGAH,31,19340
9600,PAPUA TENGAH,33,76358
9600,PAPUA TENGAH,35,22805
9600,PAPUA TENGAH,36,72
9600,PAPUA TENGAH,37,235
9600,PAPUA TENGAH,38,269
9600,PAPUA TENGAH,39,6691
9600,PAPUA TENGAH,40,1449
9600,PAPUA TENGAH,41,8579
9600,PAPUA TENGAH,42,714
9600,PAPUA TENGAH,43,2039
9600,PAPUA TENGAH,44,77
9600,PAPUA TENGAH,45,84
9600,PAPUA TENGAH,46,334
9600,PAPUA TENGAH,47,547
9600,PAPUA TENGAH,48,9797
9600,PAPUA TENGAH,49,16819
9600,PAPUA TENGAH,50,11117
9600,PAPUA TENGAH,51,6399
9700,PAPUA PEGUNUNGAN,1,887129
9700,PAPUA PEGUNUNGAN,2,591
9700,PAPUA PEGUNUNGAN,3,867
9700,PAPUA PEGUNUNGAN,4,2926
9700,PAPUA PEGUNUNGAN,5,2041
9700,PAPUA PEGUNUNGAN,6,127
9700,PAPUA PEGUNUNGAN,12,669
9700,PAPUA PEGUNUNGAN,14,140
9700,PAPUA PEGUNUNGAN,16,108
9700,PAPUA PEGUNUNGAN,17,178
9700,PAPUA PEGUNUNGAN,18,95
9700,PAPUA PEGUNUNGAN,24,28
9700,PAPUA PEGUNUNGAN,26,352
9700,PAPUA PEGUNUNGAN,31,1346
9700,PAPUA PEGUNUNGAN,33,64800
9700,PAPUA PEGUNUNGAN,35,7578
9700,PAPUA PEGUNUNGAN,39,513
9700,PAPUA PEGUNUNGAN,40,718
9700,PAPUA PEGUNUNGAN,41,1639
9700,PAPUA PEGUNUNGAN,42,695
9700,PAPUA PEGUNUNGAN,43,927
9700,PAPUA PEGUNUNGAN,46,48
9700,PAPUA PEGUNUNGAN,47,287
9700,PAPUA PEGUNUNGAN,48,2104
9700,PAPUA PEGUNUNGAN,49,23341
9700,PAPUA PEGUNUNGAN,50,5185
9700,PAPUA PEGUNUNGAN,51,1571
9900,INDONESIA,1,18377474
9900,INDONESIA,2,6436551
9900,INDONESIA,3,7969756
9900,INDONESIA,4,5358814
9900,INDONESIA,5,2567563
9900,INDONESIA,6,643309
9900,INDONESIA,7,2066959
9900,INDONESIA,8,319270
9900,INDONESIA,9,194216
9900,INDONESIA,10,1645402
9900,INDONESIA,11,90576
9900,INDONESIA,12,6067217
9900,INDONESIA,13,644584
9900,INDONESIA,14,4400117
9900,INDONESIA,15,961181
9900,INDONESIA,16,1217907
9900,INDONESIA,17,606580
9900,INDONESIA,18,487767
9900,INDONESIA,19,30405
9900,INDONESIA,20,699490
9900,INDONESIA,21,558049
9900,INDONESIA,22,193733
9900,INDONESIA,23,1142374
9900,INDONESIA,24,441536
9900,INDONESIA,25,452274
9900,INDONESIA,26,879548
9900,INDONESIA,27,1266804
9900,INDONESIA,28,253541
9900,INDONESIA,29,44997
9900,INDONESIA,30,578689
9900,INDONESIA,31,8994186
9900,INDONESIA,32,205453
9900,INDONESIA,33,27160914
9900,INDONESIA,34,29897
9900,INDONESIA,35,4001821
9900,INDONESIA,36,109023
9900,INDONESIA,37,124570
9900,INDONESIA,38,32140
9900,INDONESIA,39,1940287
9900,INDONESIA,40,850692
9900,INDONESIA,41,10420109
9900,INDONESIA,42,768546
9900,INDONESIA,43,1157947
9900,INDONESIA,44,104683
9900,INDONESIA,45,4627
9900,INDONESIA,46,410627
9900,INDONESIA,47,554583
9900,INDONESIA,48,2770964
9900,INDONESIA,49,4545655
9900,INDONESIA,50,7158071
9900,INDONESIA,51,2374984
9900,INDONESIA,52,10470
